<?xml version="1.0" encoding="UTF-8" ?>
<!DOCTYPE mapper
        PUBLIC "-//mybatis.org//DTD Mapper 3.0//EN"
        "https://mybatis.org/dtd/mybatis-3-mapper.dtd">
<mapper namespace="org.pgm.board01.mapper.BoardMapper">

    <select id="selectAll" resultType="BoardDTO">
        select * from tbl_board
    </select>

    <insert id="insertBoard">
        insert into tbl_board(title,content,author) values(#{title},#{content},#{author})
    </insert>
    <select id="selectByBno" resultType="BoardDTO">
        select * from tbl_board where bno=#{bno}
    </select>
    <update id="updateByBno">
        update tbl_board set title=#{title},content=#{content},author=#{author}
        where bno=#{bno}
    </update>
    <delete id="deleteByBno">
        delete from tbl_board where bno=#{bno}
    </delete>
    <update id="updateReadCount">
        update tbl_board set readcount=readcount+1 where bno=#{bno}
    </update>
</mapper>